time,lat,lon,SST,T2,PS,PREC
1960-01,15.75,-60.0,24.563684082031273,22.784051513671898,1016.5946044921875,57.73006081581116
1960-02,15.75,-60.0,23.691186523437523,22.297662353515648,1017.16845703125,40.946359634399414
1960-03,15.75,-60.0,23.696557617187523,22.015161132812523,1015.5269775390625,27.165575623512268
1960-04,15.75,-60.0,24.496667480468773,23.617761230468773,1014.9151000976562,21.852675676345825
1960-05,15.75,-60.0,24.893914794921898,24.117120361328148,1015.4904174804688,26.074182987213135
1960-06,15.75,-60.0,25.433190917968773,24.835290527343773,1016.650634765625,32.10668206214905
1960-07,15.75,-60.0,26.242456054687523,25.390161132812523,1016.7877197265625,15.899330377578735
1960-08,15.75,-60.0,26.739526367187523,26.164178466796898,1014.932373046875,67.51306056976318
1960-09,15.75,-60.0,26.828027343750023,26.156640625000023,1014.885986328125,114.80648517608643
1960-10,15.75,-60.0,26.432153320312523,25.358636474609398,1015.0364990234375,89.70115900039673
1960-11,15.75,-60.0,25.986505126953148,24.560083007812523,1015.1991577148438,66.66755676269531
1960-12,15.75,-60.0,24.979974365234398,23.839288330078148,1016.3819580078125,66.94533348083496
1961-01,15.75,-60.0,24.232781982421898,22.665948486328148,1015.8158569335938,32.15705394744873
1961-02,15.75,-60.0,23.800836181640648,22.738610839843773,1015.5748901367188,55.9606397151947
1961-03,15.75,-60.0,23.988702392578148,22.732171630859398,1015.176025390625,35.55002689361572
1961-04,15.75,-60.0,24.859552001953148,24.008172607421898,1015.040771484375,32.65808701515198
1961-05,15.75,-60.0,25.619409179687523,24.715600585937523,1015.1331176757812,28.315941095352173
1961-06,15.75,-60.0,25.710107421875023,25.035974121093773,1016.5359497070312,78.01149129867554
1961-07,15.75,-60.0,25.950677490234398,25.085504150390648,1016.38427734375,29.872625470161438
1961-08,15.75,-60.0,26.372857666015648,25.725518798828148,1015.5584716796875,41.61206245422363
1961-09,15.75,-60.0,26.406365966796898,26.083123779296898,1014.8890380859375,105.29674530029297
1961-10,15.75,-60.0,26.176782226562523,25.253991699218773,1014.4805908203125,54.43471312522888
1961-11,15.75,-60.0,25.917321777343773,24.629693603515648,1015.5078125,90.90487003326416
1961-12,15.75,-60.0,25.027856445312523,23.535546875000023,1015.8171997070312,59.128464460372925
1962-01,15.75,-60.0,24.059838867187523,22.398187255859398,1016.6643676757812,34.062420129776
1962-02,15.75,-60.0,23.325921630859398,22.553552246093773,1017.5172729492188,49.807924032211304
1962-03,15.75,-60.0,23.642144775390648,22.428002929687523,1016.4705810546875,42.79845356941223
1962-04,15.75,-60.0,24.290521240234398,22.960717773437523,1016.455322265625,39.86095905303955
1962-05,15.75,-60.0,24.983331298828148,23.871820068359398,1016.7989501953125,33.792901039123535
1962-06,15.75,-60.0,25.718530273437523,24.688256835937523,1016.8822021484375,30.83523988723755
1962-07,15.75,-60.0,25.788629150390648,24.598901367187523,1016.4286499023438,35.63838601112366
1962-08,15.75,-60.0,25.871545410156273,25.122918701171898,1015.6903076171875,17.05194890499115
1962-09,15.75,-60.0,25.981530761718773,25.485803222656273,1015.0541381835938,46.401286125183105
1962-10,15.75,-60.0,26.082818603515648,25.225366210937523,1014.2286376953125,87.84698009490967
1962-11,15.75,-60.0,25.953973388671898,24.584802246093773,1015.5914306640625,71.00556135177612
1962-12,15.75,-60.0,24.977990722656273,23.910028076171898,1015.821533203125,37.12498068809509
1963-01,15.75,-60.0,24.367486572265648,22.879479980468773,1016.7225952148438,32.580517530441284
1963-02,15.75,-60.0,24.382501220703148,23.028863525390648,1015.6824340820312,34.92588400840759
1963-03,15.75,-60.0,23.941949462890648,22.470208740234398,1016.2567138671875,17.52701997756958
1963-04,15.75,-60.0,24.383020019531273,23.481042480468773,1015.6024780273438,41.17009878158569
1963-05,15.75,-60.0,25.230920410156273,24.450341796875023,1015.7430419921875,38.532453775405884
1963-06,15.75,-60.0,25.905297851562523,25.009759521484398,1016.8717651367188,22.50974714756012
1963-07,15.75,-60.0,26.331353759765648,25.478906250000023,1016.8284912109375,37.27252721786499
1963-08,15.75,-60.0,26.449304199218773,25.731164550781273,1015.9995727539062,47.79202938079834
1963-09,15.75,-60.0,26.365838623046898,25.949578857421898,1015.2578125,111.84059143066406
1963-10,15.75,-60.0,26.369409179687523,25.397546386718773,1015.93359375,40.20790457725525
1963-11,15.75,-60.0,26.231103515625023,25.096246337890648,1015.8182373046875,65.25112867355347
1963-12,15.75,-60.0,25.287988281250023,23.908868408203148,1016.5629272460938,46.945656538009644
1964-01,15.75,-60.0,24.242608642578148,22.415063476562523,1016.49951171875,59.46062207221985
1964-02,15.75,-60.0,23.604425048828148,21.943170166015648,1014.4010009765625,31.68768882751465
1964-03,15.75,-60.0,24.086877441406273,23.228753662109398,1015.9434204101562,35.670669078826904
1964-04,15.75,-60.0,24.575158691406273,23.493249511718773,1015.5814819335938,21.264519095420837
1964-05,15.75,-60.0,25.282861328125023,24.400506591796898,1016.5323486328125,20.3456711769104
1964-06,15.75,-60.0,25.925988769531273,25.213494873046898,1016.4843139648438,34.56877827644348
1964-07,15.75,-60.0,26.187249755859398,25.374658203125023,1016.547119140625,57.611796855926514
1964-08,15.75,-60.0,26.417932128906273,25.692010498046898,1015.80224609375,27.140799164772034
1964-09,15.75,-60.0,26.604943847656273,25.669885253906273,1014.8734130859375,109.41799879074097
1964-10,15.75,-60.0,26.221276855468773,25.179895019531273,1014.9595336914062,101.18874549865723
1964-11,15.75,-60.0,25.820397949218773,24.364129638671898,1015.0888061523438,84.0528130531311
1964-12,15.75,-60.0,25.084375000000023,23.474847412109398,1015.9473266601562,24.637792110443115
1965-01,15.75,-60.0,24.598077392578148,23.513024902343773,1017.547119140625,40.02810001373291
1965-02,15.75,-60.0,24.084649658203148,22.643060302734398,1017.4146728515625,45.30440926551819
1965-03,15.75,-60.0,24.084771728515648,22.749963378906273,1016.9310302734375,54.78583574295044
1965-04,15.75,-60.0,25.019799804687523,23.967523193359398,1015.1458740234375,40.62753081321716
1965-05,15.75,-60.0,24.985192871093773,23.808984375000023,1017.2721557617188,24.209641814231873
1965-06,15.75,-60.0,25.113458251953148,24.343682861328148,1017.4172973632812,25.022876858711243
1965-07,15.75,-60.0,25.580926513671898,24.742456054687523,1017.2432861328125,25.934409499168396
1965-08,15.75,-60.0,26.063317871093773,25.380273437500023,1015.8286743164062,42.11505174636841
1965-09,15.75,-60.0,26.203179931640648,25.607263183593773,1015.7857055664062,29.52844262123108
1965-10,15.75,-60.0,25.989221191406273,24.975701904296898,1015.93212890625,101.06899738311768
1965-11,15.75,-60.0,25.789331054687523,24.701989746093773,1015.7681274414062,96.51668071746826
1965-12,15.75,-60.0,25.208947753906273,23.995965576171898,1016.0563354492188,54.01651740074158
1966-01,15.75,-60.0,24.395074462890648,22.827172851562523,1016.4188232421875,42.327221632003784
1966-02,15.75,-60.0,23.675592041015648,22.771051025390648,1016.0814819335938,40.1016640663147
1966-03,15.75,-60.0,23.766259765625023,22.902917480468773,1015.6680297851562,38.730043172836304
1966-04,15.75,-60.0,24.214166259765648,23.015527343750023,1017.0880737304688,39.61320877075195
1966-05,15.75,-60.0,24.921563720703148,24.230126953125023,1015.62841796875,31.51671051979065
1966-06,15.75,-60.0,25.092370605468773,24.679986572265648,1016.2827758789062,47.156338691711426
1966-07,15.75,-60.0,25.315911865234398,24.858422851562523,1016.5827026367188,25.30862331390381
1966-08,15.75,-60.0,25.855950927734398,25.442681884765648,1016.4168090820312,35.74639678001404
1966-09,15.75,-60.0,26.181848144531273,25.507073974609398,1016.0689697265625,93.32229137420654
1966-10,15.75,-60.0,26.371453857421898,25.512811279296898,1016.3555908203125,51.61937355995178
1966-11,15.75,-60.0,26.005273437500023,24.521875000000023,1014.7914428710938,139.1724157333374
1966-12,15.75,-60.0,24.969110107421898,23.417687988281273,1015.3934326171875,44.470893144607544
1967-01,15.75,-60.0,24.164056396484398,22.961755371093773,1016.1124267578125,59.639328718185425
1967-02,15.75,-60.0,23.778039550781273,22.721765136718773,1016.1309814453125,41.218979358673096
1967-03,15.75,-60.0,24.024377441406273,22.814996337890648,1016.1671142578125,50.25429725646973
1967-04,15.75,-60.0,24.169885253906273,23.077600097656273,1016.1427001953125,25.90037763118744
1967-05,15.75,-60.0,24.520715332031273,23.469720458984398,1016.6323852539062,16.900561451911926
1967-06,15.75,-60.0,25.046380615234398,24.436730957031273,1016.7454833984375,32.352633476257324
1967-07,15.75,-60.0,25.583276367187523,25.056390380859398,1016.8053588867188,33.52288842201233
1967-08,15.75,-60.0,26.200250244140648,25.575555419921898,1015.3307495117188,39.624667167663574
1967-09,15.75,-60.0,26.489495849609398,25.893243408203148,1015.409423828125,39.22561526298523
1967-10,15.75,-60.0,26.446954345703148,25.639611816406273,1015.4026489257812,30.949416160583496
1967-11,15.75,-60.0,26.244012451171898,24.582452392578148,1016.3063354492188,77.12804317474365
1967-12,15.75,-60.0,25.387384033203148,23.754479980468773,1015.6072387695312,51.36993885040283
1968-01,15.75,-60.0,24.366540527343773,22.355645751953148,1016.0706787109375,31.89223051071167
1968-02,15.75,-60.0,23.743859863281273,21.921929931640648,1015.4608764648438,51.528650522232056
1968-03,15.75,-60.0,23.723840332031273,22.735375976562523,1015.5137939453125,27.94610559940338
1968-04,15.75,-60.0,24.389062500000023,23.688317871093773,1015.5374145507812,37.81304955482483
1968-05,15.75,-60.0,25.016931152343773,24.466241455078148,1016.3627319335938,20.71539580821991
1968-06,15.75,-60.0,25.671838378906273,25.388909912109398,1016.1030883789062,65.0380539894104
1968-07,15.75,-60.0,26.157434082031273,25.606652832031273,1015.5136108398438,35.34595012664795
1968-08,15.75,-60.0,26.559564208984398,25.981683349609398,1014.9370727539062,29.37010645866394
1968-09,15.75,-60.0,26.675897216796898,26.191461181640648,1015.556640625,54.38986659049988
1968-10,15.75,-60.0,26.359826660156273,25.279504394531273,1015.0170288085938,119.27044630050659
1968-11,15.75,-60.0,25.985955810546898,24.471307373046898,1015.3627319335938,50.88544249534607
1968-12,15.75,-60.0,24.959100341796898,23.546289062500023,1016.3527221679688,122.30774402618408
1969-01,15.75,-60.0,23.778100585937523,22.438470458984398,1016.781982421875,48.96520972251892
1969-02,15.75,-60.0,23.610620117187523,22.724328613281273,1017.6719360351562,34.71621751785278
1969-03,15.75,-60.0,23.907739257812523,22.852685546875023,1016.6644287109375,42.85730481147766
1969-04,15.75,-60.0,24.351922607421898,22.921563720703148,1016.0455322265625,22.818490862846375
1969-05,15.75,-60.0,24.697534179687523,23.865167236328148,1015.690673828125,24.997165203094482
1969-06,15.75,-60.0,25.220086669921898,24.481683349609398,1016.1817016601562,34.496251344680786
1969-07,15.75,-60.0,25.449182128906273,24.813317871093773,1016.8760986328125,39.177610874176025
1969-08,15.75,-60.0,26.034448242187523,25.575372314453148,1015.5896606445312,36.050169467926025
1969-09,15.75,-60.0,26.492639160156273,25.821343994140648,1015.4013061523438,80.88141918182373
1969-10,15.75,-60.0,26.463220214843773,25.293969726562523,1015.466796875,62.94600963592529
1969-11,15.75,-60.0,26.122186279296898,24.593957519531273,1015.2891845703125,50.330482721328735
1969-12,15.75,-60.0,25.249841308593773,23.805139160156273,1015.5570068359375,34.35882568359375
1970-01,15.75,-60.0,24.376397705078148,22.794671630859398,1016.548828125,49.07387852668762
1970-02,15.75,-60.0,23.992456054687523,22.894372558593773,1016.7632446289062,66.45015478134155
1970-03,15.75,-60.0,23.781488037109398,22.073571777343773,1015.566162109375,24.539458751678467
1970-04,15.75,-60.0,24.578729248046898,23.483178710937523,1015.6985473632812,28.58461081981659
1970-05,15.75,-60.0,25.374108886718773,24.314233398437523,1015.6493530273438,27.944270968437195
1970-06,15.75,-60.0,25.869287109375023,24.991448974609398,1017.1009521484375,47.35114574432373
1970-07,15.75,-60.0,25.999658203125023,25.067712402343773,1016.941650390625,16.650996208190918
1970-08,15.75,-60.0,26.521417236328148,25.812097167968773,1016.094970703125,42.04163432121277
1970-09,15.75,-60.0,26.640618896484398,25.907830810546898,1015.566650390625,32.09141135215759
1970-10,15.75,-60.0,26.702752685546898,25.350244140625023,1014.6160278320312,72.29379415512085
1970-11,15.75,-60.0,26.483850097656273,24.897088623046898,1016.1934204101562,94.8666501045227
1970-12,15.75,-60.0,25.739678955078148,24.397515869140648,1016.2258911132812,48.039443492889404
1971-01,15.75,-60.0,24.755151367187523,23.077355957031273,1015.931640625,41.86787724494934
1971-02,15.75,-60.0,24.071252441406273,22.627984619140648,1016.6326293945312,33.60570788383484
1971-03,15.75,-60.0,24.039758300781273,22.840417480468773,1016.274169921875,43.09491991996765
1971-04,15.75,-60.0,24.462152099609398,23.377252197265648,1016.1436157226562,44.380985498428345
1971-05,15.75,-60.0,24.514733886718773,23.679498291015648,1016.3590698242188,22.20686137676239
1971-06,15.75,-60.0,24.913934326171898,24.705010986328148,1017.2405395507812,46.155771017074585
1971-07,15.75,-60.0,25.363549804687523,25.024652099609398,1016.5829467773438,47.61090159416199
1971-08,15.75,-60.0,26.155358886718773,25.567590332031273,1015.87109375,35.4785692691803
1971-09,15.75,-60.0,26.365991210937523,25.966912841796898,1015.7091064453125,54.11996841430664
1971-10,15.75,-60.0,26.279382324218773,25.283898925781273,1014.6954345703125,52.92898893356323
1971-11,15.75,-60.0,26.192437744140648,24.486138916015648,1015.1338500976562,83.94852876663208
1971-12,15.75,-60.0,25.007409667968773,23.616601562500023,1016.4090576171875,70.53491592407227
1972-01,15.75,-60.0,24.275994873046898,23.230523681640648,1017.85302734375,53.79283905029297
1972-02,15.75,-60.0,23.850122070312523,22.759423828125023,1016.4761962890625,57.66455411911011
1972-03,15.75,-60.0,23.837060546875023,22.332696533203148,1015.525146484375,42.10857152938843
1972-04,15.75,-60.0,24.162103271484398,22.872155761718773,1015.4840698242188,16.557151079177856
1972-05,15.75,-60.0,24.538079833984398,24.012872314453148,1016.5391845703125,28.973552584648132
1972-06,15.75,-60.0,25.352349853515648,24.885980224609398,1016.8583984375,31.886894702911377
1972-07,15.75,-60.0,25.731042480468773,25.165734863281273,1016.288818359375,43.87964844703674
1972-08,15.75,-60.0,26.140863037109398,25.771752929687523,1016.1743774414062,46.62059783935547
1972-09,15.75,-60.0,26.546014404296898,26.029962158203148,1016.0089721679688,67.06330060958862
1972-10,15.75,-60.0,26.418237304687523,25.575616455078148,1015.536376953125,49.319032430648804
1972-11,15.75,-60.0,25.798059082031273,24.593682861328148,1015.702392578125,43.873558044433594
1972-12,15.75,-60.0,25.091058349609398,23.706567382812523,1016.3726806640625,54.02328014373779
1973-01,15.75,-60.0,24.043298339843773,22.480432128906273,1016.9717407226562,44.87117528915405
1973-02,15.75,-60.0,23.574700927734398,22.530511474609398,1016.07666015625,34.64131236076355
1973-03,15.75,-60.0,23.860101318359398,23.085656738281273,1014.6008911132812,46.45125389099121
1973-04,15.75,-60.0,24.277368164062523,23.273431396484398,1016.1309204101562,23.900949954986572
1973-05,15.75,-60.0,24.888482666015648,24.332269287109398,1016.2428588867188,28.059990406036377
1973-06,15.75,-60.0,25.689202880859398,25.005395507812523,1016.5753784179688,25.392723083496094
1973-07,15.75,-60.0,25.936425781250023,25.137353515625023,1016.3336791992188,28.699005246162415
1973-08,15.75,-60.0,26.410150146484398,25.697869873046898,1016.0010986328125,39.91330862045288
1973-09,15.75,-60.0,26.568139648437523,25.892388916015648,1015.304443359375,42.70097494125366
1973-10,15.75,-60.0,26.309686279296898,25.300866699218773,1016.4236450195312,62.74261951446533
1973-11,15.75,-60.0,25.847283935546898,24.794366455078148,1016.0537719726562,32.5846803188324
1973-12,15.75,-60.0,25.214135742187523,23.941278076171898,1017.0931396484375,32.06562280654907
1974-01,15.75,-60.0,24.462335205078148,23.173608398437523,1016.322998046875,40.023733377456665
1974-02,15.75,-60.0,24.036828613281273,22.709771728515648,1016.1065063476562,37.88256883621216
1974-03,15.75,-60.0,24.036431884765648,22.838311767578148,1015.6463012695312,43.08631896972656
1974-04,15.75,-60.0,24.500054931640648,23.211114501953148,1015.758056640625,28.439043760299683
1974-05,15.75,-60.0,25.000878906250023,24.004968261718773,1016.2017822265625,29.435044527053833
1974-06,15.75,-60.0,24.994287109375023,24.195336914062523,1016.3176879882812,24.594159722328186
1974-07,15.75,-60.0,25.166955566406273,24.469659423828148,1017.1635131835938,15.112118124961853
1974-08,15.75,-60.0,25.591485595703148,25.110101318359398,1015.996826171875,27.87735164165497
1974-09,15.75,-60.0,26.222131347656273,25.845758056640648,1015.3306884765625,84.39318180084229
1974-10,15.75,-60.0,26.305993652343773,24.866632080078148,1014.6022338867188,133.4097719192505
1974-11,15.75,-60.0,25.824853515625023,24.377740478515648,1014.1537475585938,89.18832063674927
1974-12,15.75,-60.0,25.080529785156273,23.608972167968773,1015.8796997070312,67.74481773376465
1975-01,15.75,-60.0,24.092126464843773,22.524804687500023,1016.143310546875,28.427202701568604
1975-02,15.75,-60.0,23.513909912109398,22.288415527343773,1016.23193359375,46.58684849739075
1975-03,15.75,-60.0,23.670983886718773,22.175714111328148,1014.1936645507812,32.88282752037048
1975-04,15.75,-60.0,24.329064941406273,23.451531982421898,1016.2096557617188,31.864807605743408
1975-05,15.75,-60.0,24.868463134765648,23.904901123046898,1015.6188354492188,53.23624849319458
1975-06,15.75,-60.0,25.897912597656273,24.883721923828148,1015.9945678710938,41.31521701812744
1975-07,15.75,-60.0,26.010461425781273,25.006188964843773,1016.13330078125,39.16924595832825
1975-08,15.75,-60.0,26.274957275390648,25.265740966796898,1015.3211059570312,52.903043031692505
1975-09,15.75,-60.0,26.523553466796898,25.658898925781273,1015.0767211914062,56.87580227851868
1975-10,15.75,-60.0,26.268182373046898,25.270227050781273,1015.5487670898438,63.07182312011719
1975-11,15.75,-60.0,26.210565185546898,24.660363769531273,1014.9896240234375,27.00398862361908
1975-12,15.75,-60.0,25.313165283203148,23.831231689453148,1015.7847900390625,31.5988290309906
1976-01,15.75,-60.0,24.275445556640648,22.694390869140648,1016.6752319335938,29.71725046634674
1976-02,15.75,-60.0,23.642572021484398,22.011346435546898,1015.5489501953125,28.17452609539032
1976-03,15.75,-60.0,23.286218261718773,21.709283447265648,1016.3355712890625,37.62470483779907
1976-04,15.75,-60.0,23.866876220703148,22.903649902343773,1015.3880004882812,39.7025728225708
1976-05,15.75,-60.0,24.584832763671898,23.587152099609398,1016.3040771484375,49.24725294113159
1976-06,15.75,-60.0,25.207849121093773,24.639886474609398,1015.8265380859375,51.497722864151
1976-07,15.75,-60.0,25.561364746093773,24.772576904296898,1016.3541259765625,29.292628169059753
1976-08,15.75,-60.0,26.170648193359398,25.594415283203148,1014.9949340820312,35.04012107849121
1976-09,15.75,-60.0,26.311761474609398,25.801812744140648,1014.7462158203125,79.9586534500122
1976-10,15.75,-60.0,26.258294677734398,25.343225097656273,1015.8286743164062,93.6823582649231
1976-11,15.75,-60.0,26.098718261718773,24.802270507812523,1016.1201171875,28.960100412368774
1976-12,15.75,-60.0,25.352258300781273,23.866357421875023,1016.092529296875,53.13835144042969
1977-01,15.75,-60.0,24.403680419921898,23.263391113281273,1017.0477905273438,42.84809947013855
1977-02,15.75,-60.0,23.924401855468773,22.749017333984398,1016.0883178710938,29.78572368621826
1977-03,15.75,-60.0,24.107904052734398,22.959619140625023,1015.9296264648438,20.56083083152771
1977-04,15.75,-60.0,24.834130859375023,23.667871093750023,1014.521484375,18.51674795150757
1977-05,15.75,-60.0,25.611413574218773,24.801171875000023,1014.6281127929688,21.38765573501587
1977-06,15.75,-60.0,25.983178710937523,25.426782226562523,1015.8067626953125,41.916096210479736
1977-07,15.75,-60.0,26.363916015625023,25.925775146484398,1016.1078491210938,19.56751585006714
1977-08,15.75,-60.0,26.780572509765648,26.193200683593773,1014.7410278320312,37.22052454948425
1977-09,15.75,-60.0,26.841271972656273,26.138970947265648,1014.5776977539062,145.97159385681152
1977-10,15.75,-60.0,26.582421875000023,25.482843017578148,1014.5562133789062,82.37995862960815
1977-11,15.75,-60.0,26.002648925781273,24.880456542968773,1015.2422485351562,79.2995810508728
1977-12,15.75,-60.0,24.746942138671898,23.380426025390648,1016.2611694335938,62.303831577301025
1978-01,15.75,-60.0,23.820153808593773,22.595544433593773,1017.1194458007812,33.22681546211243
1978-02,15.75,-60.0,23.322717285156273,22.263665771484398,1017.4363403320312,38.92755389213562
1978-03,15.75,-60.0,23.454644775390648,22.263940429687523,1016.753662109375,37.95737385749817
1978-04,15.75,-60.0,23.871575927734398,22.732537841796898,1016.1016845703125,44.16032552719116
1978-05,15.75,-60.0,24.361199951171898,23.626397705078148,1016.0861206054688,30.234214067459106
1978-06,15.75,-60.0,24.877465820312523,23.988031005859398,1017.0781860351562,37.58204698562622
1978-07,15.75,-60.0,24.876794433593773,24.076531982421898,1017.0604858398438,26.914998292922974
1978-08,15.75,-60.0,25.394647216796898,24.826928710937523,1016.4395141601562,50.4246461391449
1978-09,15.75,-60.0,25.704553222656273,25.180108642578148,1015.025146484375,88.69041681289673
1978-10,15.75,-60.0,25.811242675781273,24.917230224609398,1014.585693359375,190.6900119781494
1978-11,15.75,-60.0,25.431207275390648,24.260797119140648,1016.3970947265625,63.2547926902771
1978-12,15.75,-60.0,24.614556884765648,23.520593261718773,1016.0596923828125,35.437467098236084
1979-01,15.75,-60.0,23.850518798828148,22.690209960937523,1016.6166381835938,44.12705183029175
1979-02,15.75,-60.0,23.357507324218773,22.039270019531273,1016.7625122070312,48.587726354599
1979-03,15.75,-60.0,23.072045898437523,21.541772460937523,1016.4644775390625,28.72377634048462
1979-04,15.75,-60.0,23.251000976562523,22.264459228515648,1016.8712158203125,28.529439568519592
1979-05,15.75,-60.0,23.976922607421898,23.024041748046898,1016.6900024414062,37.95337200164795
1979-06,15.75,-60.0,24.389398193359398,23.770227050781273,1016.5482788085938,24.67251420021057
1979-07,15.75,-60.0,24.720361328125023,24.068902587890648,1017.1486206054688,23.676213026046753
1979-08,15.75,-60.0,25.415856933593773,24.851251220703148,1015.925537109375,30.106483697891235
1979-09,15.75,-60.0,25.864251708984398,25.264764404296898,1015.563232421875,106.546790599823
1979-10,15.75,-60.0,25.855706787109398,24.944573974609398,1015.7361450195312,34.70812797546387
1979-11,15.75,-60.0,25.565515136718773,24.115411376953148,1015.8519897460938,35.021828413009644
1979-12,15.75,-60.0,24.654260253906273,23.389398193359398,1016.7239990234375,41.91602110862732
1980-01,15.75,-60.0,24.079492187500023,22.450769042968773,1016.2506103515625,40.877355337142944
1980-02,15.75,-60.0,23.598870849609398,22.445489501953148,1016.6395874023438,32.78896450996399
1980-03,15.75,-60.0,23.388421630859398,22.412683105468773,1017.3360595703125,25.558263659477234
1980-04,15.75,-60.0,24.152856445312523,23.185021972656273,1015.9413452148438,26.744195222854614
1980-05,15.75,-60.0,25.343743896484398,24.358666992187523,1016.3247680664062,19.651018381118774
1980-06,15.75,-60.0,25.638360595703148,25.009057617187523,1016.5723266601562,29.63629961013794
1980-07,15.75,-60.0,25.830163574218773,25.187615966796898,1017.127197265625,30.40293574333191
1980-08,15.75,-60.0,25.961083984375023,25.361474609375023,1016.8889770507812,32.751842737197876
1980-09,15.75,-60.0,26.369226074218773,25.679772949218773,1015.9759521484375,35.5333936214447
1980-10,15.75,-60.0,26.578363037109398,25.369287109375023,1016.275634765625,16.68698251247406
1980-11,15.75,-60.0,26.416101074218773,25.223168945312523,1016.4254760742188,11.957358419895172
1980-12,15.75,-60.0,25.606896972656273,24.158166503906273,1016.0401611328125,38.77120614051819
1981-01,15.75,-60.0,24.904870605468773,23.342279052734398,1014.857421875,26.46961748600006
1981-02,15.75,-60.0,24.478112792968773,23.309533691406273,1013.62451171875,58.76474976539612
1981-03,15.75,-60.0,24.425286865234398,23.230828857421898,1015.5106201171875,36.642969846725464
1981-04,15.75,-60.0,25.135980224609398,24.233361816406273,1015.1446533203125,94.15623664855957
1981-05,15.75,-60.0,25.478662109375023,24.627404785156273,1016.088134765625,21.23885929584503
1981-06,15.75,-60.0,25.642236328125023,25.151849365234398,1016.3043823242188,56.76888942718506
1981-07,15.75,-60.0,26.005426025390648,25.169091796875023,1016.9420776367188,23.128470182418823
1981-08,15.75,-60.0,26.455834960937523,25.684991455078148,1015.5236206054688,44.18373942375183
1981-09,15.75,-60.0,26.622705078125023,25.928765869140648,1015.2154541015625,44.76657271385193
1981-10,15.75,-60.0,26.774102783203148,25.758447265625023,1015.2700805664062,44.68975782394409
1981-11,15.75,-60.0,26.218865966796898,24.788262939453148,1015.0914916992188,109.14012908935547
1981-12,15.75,-60.0,25.541680908203148,24.322686767578148,1016.2545166015625,23.098005652427673
1982-01,15.75,-60.0,24.314569091796898,23.175347900390648,1017.1573486328125,44.0018892288208
1982-02,15.75,-60.0,23.913018798828148,22.979211425781273,1016.0728759765625,41.30166292190552
1982-03,15.75,-60.0,24.171624755859398,23.024713134765648,1016.9522094726562,27.559059262275696
1982-04,15.75,-60.0,24.470910644531273,23.091333007812523,1017.1517944335938,38.094191551208496
1982-05,15.75,-60.0,24.571496582031273,23.586633300781273,1016.8390502929688,28.332197070121765
1982-06,15.75,-60.0,24.967156982421898,24.268670654296898,1016.2613525390625,40.04618167877197
1982-07,15.75,-60.0,25.144464111328148,24.505914306640648,1016.5465698242188,22.461857199668884
1982-08,15.75,-60.0,25.833917236328148,25.256372070312523,1016.1355590820312,37.48558044433594
1982-09,15.75,-60.0,26.233789062500023,25.657250976562523,1015.2559204101562,117.72595882415771
1982-10,15.75,-60.0,26.032373046875023,25.197961425781273,1015.67138671875,40.98365664482117
1982-11,15.75,-60.0,25.582421875000023,24.007196044921898,1014.1159057617188,43.37944507598877
1982-12,15.75,-60.0,24.986718750000023,23.874627685546898,1016.0686645507812,55.6487238407135
1983-01,15.75,-60.0,24.143823242187523,23.010034179687523,1016.704345703125,49.40462350845337
1983-02,15.75,-60.0,23.682122802734398,22.425897216796898,1016.6731567382812,40.179455280303955
1983-03,15.75,-60.0,23.773400878906273,22.589807128906273,1016.3051147460938,48.408082723617554
1983-04,15.75,-60.0,24.347772216796898,23.278649902343773,1015.888916015625,37.90521740913391
1983-05,15.75,-60.0,24.772241210937523,23.786920166015648,1016.1754150390625,32.12384104728699
1983-06,15.75,-60.0,25.143914794921898,24.567895507812523,1016.400146484375,34.86641764640808
1983-07,15.75,-60.0,25.351007080078148,24.682397460937523,1016.4544677734375,28.41440498828888
1983-08,15.75,-60.0,25.613702392578148,25.048333740234398,1015.6376342773438,21.752793788909912
1983-09,15.75,-60.0,25.880761718750023,25.546685791015648,1015.6353759765625,91.73049688339233
1983-10,15.75,-60.0,25.891717529296898,24.915216064453148,1015.697265625,68.6200475692749
1983-11,15.75,-60.0,25.426599121093773,24.339288330078148,1016.0879516601562,53.04168105125427
1983-12,15.75,-60.0,24.658563232421898,23.517144775390648,1017.462158203125,32.84137845039368
1984-01,15.75,-60.0,23.916101074218773,22.463128662109398,1016.2593994140625,33.445422649383545
1984-02,15.75,-60.0,23.172662353515648,21.694238281250023,1016.537109375,24.4340980052948
1984-03,15.75,-60.0,23.281854248046898,22.322564697265648,1015.0448608398438,18.74325156211853
1984-04,15.75,-60.0,24.272485351562523,23.582238769531273,1016.0143432617188,30.432296991348267
1984-05,15.75,-60.0,24.985589599609398,24.200219726562523,1016.5671997070312,30.731663703918457
1984-06,15.75,-60.0,25.883386230468773,25.254510498046898,1016.923583984375,25.606557726860046
1984-07,15.75,-60.0,26.067346191406273,25.320642089843773,1016.5374755859375,26.108588576316833
1984-08,15.75,-60.0,26.304437255859398,25.520684814453148,1015.6074829101562,31.268420219421387
1984-09,15.75,-60.0,26.106805419921898,25.555993652343773,1015.0987548828125,57.542020082473755
1984-10,15.75,-60.0,26.406457519531273,25.268640136718773,1015.2017211914062,42.795170545578
1984-11,15.75,-60.0,26.128533935546898,24.801995849609398,1015.9231567382812,61.33291482925415
1984-12,15.75,-60.0,25.240930175781273,23.915979003906273,1015.923095703125,41.99220299720764
1985-01,15.75,-60.0,24.715386962890648,23.204156494140648,1016.342041015625,46.92317247390747
1985-02,15.75,-60.0,24.106500244140648,22.823083496093773,1016.7728881835938,33.89817953109741
1985-03,15.75,-60.0,23.996118164062523,22.517846679687523,1015.978759765625,22.416831851005554
1985-04,15.75,-60.0,24.589624023437523,23.704064941406273,1016.7667846679688,29.12226140499115
1985-05,15.75,-60.0,25.190972900390648,24.329766845703148,1016.1015625,35.316091775894165
1985-06,15.75,-60.0,25.880212402343773,24.903710937500023,1016.886474609375,37.909626960754395
1985-07,15.75,-60.0,25.727075195312523,24.948999023437523,1017.1173095703125,19.04411494731903
1985-08,15.75,-60.0,26.107324218750023,25.415307617187523,1015.8739624023438,44.6347975730896
1985-09,15.75,-60.0,26.487603759765648,25.837396240234398,1015.1366577148438,39.4948410987854
1985-10,15.75,-60.0,26.259423828125023,25.317895507812523,1015.5171508789062,256.63973808288574
1985-11,15.75,-60.0,25.922540283203148,24.420526123046898,1015.2544555664062,44.34570908546448
1985-12,15.75,-60.0,25.073968505859398,23.805932617187523,1015.6166381835938,70.6894326210022
1986-01,15.75,-60.0,24.112268066406273,22.666253662109398,1016.7402954101562,32.14779496192932
1986-02,15.75,-60.0,23.397027587890648,21.769708251953148,1016.43408203125,35.466320514678955
1986-03,15.75,-60.0,23.385125732421898,22.371423339843773,1014.7052001953125,28.965972661972046
1986-04,15.75,-60.0,24.178277587890648,23.339837646484398,1014.826416015625,38.15285325050354
1986-05,15.75,-60.0,24.949365234375023,24.110345458984398,1015.26513671875,21.16596221923828
1986-06,15.75,-60.0,25.725061035156273,25.131341552734398,1016.1006469726562,42.96123504638672
1986-07,15.75,-60.0,25.797143554687523,25.336389160156273,1016.62548828125,35.14743447303772
1986-08,15.75,-60.0,26.225610351562523,25.452966308593773,1015.966796875,29.551929831504822
1986-09,15.75,-60.0,26.133386230468773,25.483514404296898,1015.2841796875,51.065096855163574
1986-10,15.75,-60.0,25.960046386718773,25.136712646484398,1015.7332763671875,39.91923451423645
1986-11,15.75,-60.0,25.700952148437523,24.155389404296898,1016.9315795898438,34.253032207489014
1986-12,15.75,-60.0,24.689111328125023,23.548822021484398,1016.98779296875,53.09875845909119
1987-01,15.75,-60.0,24.174523925781273,23.164331054687523,1018.2244873046875,42.8351104259491
1987-02,15.75,-60.0,23.989221191406273,22.832269287109398,1014.8905029296875,28.165769577026367
1987-03,15.75,-60.0,24.597283935546898,23.569055175781273,1014.1284790039062,47.934991121292114
1987-04,15.75,-60.0,24.935510253906273,24.124017333984398,1015.0892333984375,24.411613941192627
1987-05,15.75,-60.0,25.522454833984398,24.583551025390648,1015.7339477539062,40.95876216888428
1987-06,15.75,-60.0,25.926751708984398,25.287347412109398,1015.6463623046875,30.748976469039917
1987-07,15.75,-60.0,25.969079589843773,25.112908935546898,1016.7650146484375,41.28569841384888
1987-08,15.75,-60.0,26.206750488281273,25.647119140625023,1015.4847412109375,35.47671675682068
1987-09,15.75,-60.0,26.593560791015648,25.911492919921898,1015.7451171875,35.801886320114136
1987-10,15.75,-60.0,26.424645996093773,25.376397705078148,1015.5440063476562,137.86678791046143
1987-11,15.75,-60.0,25.801232910156273,24.426354980468773,1016.8653564453125,43.5378634929657
1987-12,15.75,-60.0,24.722467041015648,23.498834228515648,1016.6490478515625,45.02863168716431
1988-01,15.75,-60.0,23.839898681640648,22.559930419921898,1016.9039306640625,39.35372829437256
1988-02,15.75,-60.0,23.582696533203148,22.371789550781273,1017.2496337890625,24.598045349121094
1988-03,15.75,-60.0,23.507104492187523,22.301263427734398,1015.9351806640625,23.83538782596588
1988-04,15.75,-60.0,24.059899902343773,22.819818115234398,1016.6788330078125,38.58838677406311
1988-05,15.75,-60.0,24.309655761718773,23.323266601562523,1016.5298461914062,21.113344430923462
1988-06,15.75,-60.0,24.565179443359398,24.370477294921898,1017.1053466796875,45.478445291519165
1988-07,15.75,-60.0,25.128533935546898,24.839440917968773,1017.14501953125,31.814299821853638
1988-08,15.75,-60.0,26.093377685546898,25.596978759765648,1016.1962280273438,42.6339590549469
1988-09,15.75,-60.0,26.612786865234398,26.229364013671898,1014.2290649414062,94.47817325592041
1988-10,15.75,-60.0,26.953912353515648,26.006005859375023,1015.5753173828125,57.33259320259094
1988-11,15.75,-60.0,26.759729003906273,25.240930175781273,1015.0540771484375,33.105114698410034
1988-12,15.75,-60.0,25.807275390625023,24.461999511718773,1016.1513061523438,51.471290588378906
1989-01,15.75,-60.0,24.712304687500023,23.259759521484398,1016.2168579101562,31.866813898086548
1989-02,15.75,-60.0,24.425378417968773,23.146936035156273,1014.9092407226562,27.468236088752747
1989-03,15.75,-60.0,24.398919677734398,22.926049804687523,1016.1614990234375,23.393760323524475
1989-04,15.75,-60.0,24.399530029296898,23.002862548828148,1016.5089111328125,34.174665212631226
1989-05,15.75,-60.0,24.854486083984398,23.964166259765648,1015.84326171875,34.30876851081848
1989-06,15.75,-60.0,24.940454101562523,24.349420166015648,1015.9917602539062,30.501394271850586
1989-07,15.75,-60.0,25.479608154296898,24.908349609375023,1016.0144653320312,18.043715357780457
1989-08,15.75,-60.0,26.353936767578148,25.762536621093773,1015.3905029296875,23.48016321659088
1989-09,15.75,-60.0,26.753076171875023,25.935632324218773,1015.1490478515625,51.70571208000183
1989-10,15.75,-60.0,26.604364013671898,25.825799560546898,1014.0138549804688,143.98558616638184
1989-11,15.75,-60.0,26.363671875000023,25.151239013671898,1015.1422729492188,90.64789295196533
1989-12,15.75,-60.0,25.528283691406273,24.222161865234398,1016.2767333984375,44.125943183898926
1990-01,15.75,-60.0,24.625726318359398,23.495965576171898,1016.8640747070312,47.14862108230591
1990-02,15.75,-60.0,24.121331787109398,22.765771484375023,1016.9848022460938,48.18712592124939
1990-03,15.75,-60.0,23.935327148437523,22.589990234375023,1016.2687377929688,39.663169384002686
1990-04,15.75,-60.0,24.260797119140648,23.296716308593773,1015.4605712890625,26.69489622116089
1990-05,15.75,-60.0,24.880242919921898,23.986566162109398,1015.964111328125,25.759854912757874
1990-06,15.75,-60.0,25.446588134765648,24.703302001953148,1017.0966186523438,21.097803711891174
1990-07,15.75,-60.0,25.782769775390648,25.107476806640648,1016.8584594726562,28.08149814605713
1990-08,15.75,-60.0,26.136926269531273,25.506799316406273,1015.4821166992188,30.414787530899048
1990-09,15.75,-60.0,26.654046630859398,26.037377929687523,1015.0933837890625,27.883653044700623
1990-10,15.75,-60.0,26.677117919921898,25.501458740234398,1015.4082641601562,27.57605016231537
1990-11,15.75,-60.0,26.045648193359398,24.723229980468773,1016.8155517578125,50.06795883178711
1990-12,15.75,-60.0,25.170709228515648,23.779870605468773,1016.6080932617188,41.651387214660645
1991-01,15.75,-60.0,24.248132324218773,23.013879394531273,1017.68115234375,53.62951040267944
1991-02,15.75,-60.0,23.692102050781273,22.632531738281273,1015.7952270507812,26.47722601890564
1991-03,15.75,-60.0,23.841546630859398,22.544152832031273,1016.6754760742188,17.794225215911865
1991-04,15.75,-60.0,24.387048339843773,23.141717529296898,1016.839111328125,21.33967638015747
1991-05,15.75,-60.0,25.248986816406273,24.535424804687523,1016.5260620117188,17.80251681804657
1991-06,15.75,-60.0,25.797967529296898,25.111047363281273,1016.1092529296875,24.939703345298767
1991-07,15.75,-60.0,26.189874267578148,25.230737304687523,1016.7498779296875,56.65523886680603
1991-08,15.75,-60.0,26.521905517578148,25.569909667968773,1016.1412353515625,34.147499799728394
1991-09,15.75,-60.0,26.564965820312523,25.921105957031273,1015.176025390625,183.6142873764038
1991-10,15.75,-60.0,26.135644531250023,25.343530273437523,1015.6959228515625,77.71886587142944
1991-11,15.75,-60.0,25.550805664062523,24.348687744140648,1016.2452392578125,42.681212425231934
1991-12,15.75,-60.0,24.543084716796898,23.513482666015648,1017.1175537109375,33.73328447341919
1992-01,15.75,-60.0,23.789025878906273,22.486535644531273,1017.2657470703125,19.22871172428131
1992-02,15.75,-60.0,23.691125488281273,22.457818603515648,1014.7744140625,21.43153667449951
1992-03,15.75,-60.0,24.101159667968773,23.342736816406273,1014.9280395507812,24.92627263069153
1992-04,15.75,-60.0,24.976831054687523,24.628259277343773,1014.0785522460938,21.062285900115967
1992-05,15.75,-60.0,25.584405517578148,24.794244384765648,1016.2836303710938,33.15194249153137
1992-06,15.75,-60.0,25.969293212890648,25.687249755859398,1015.382568359375,139.83022212982178
1992-07,15.75,-60.0,26.101251220703148,25.728082275390648,1016.3732299804688,46.04444861412048
1992-08,15.75,-60.0,26.404748535156273,25.672845458984398,1016.9429931640625,33.37391138076782
1992-09,15.75,-60.0,26.671777343750023,25.880700683593773,1015.9461059570312,72.82738924026489
1992-10,15.75,-60.0,26.366235351562523,25.308587646484398,1015.5967407226562,98.76054525375366
1992-11,15.75,-60.0,25.922113037109398,24.531701660156273,1015.3439331054688,76.08650207519531
1992-12,15.75,-60.0,25.135247802734398,23.760797119140648,1016.6402587890625,34.10289645195007
1993-01,15.75,-60.0,24.603631591796898,22.910699462890648,1016.1152954101562,24.116603136062622
1993-02,15.75,-60.0,24.024041748046898,22.659082031250023,1017.3365478515625,33.58478665351868
1993-03,15.75,-60.0,23.897973632812523,22.881494140625023,1015.200439453125,23.36321532726288
1993-04,15.75,-60.0,24.703698730468773,23.658013916015648,1016.2644653320312,30.24748921394348
1993-05,15.75,-60.0,25.349572753906273,24.626519775390648,1015.1199951171875,34.333412647247314
1993-06,15.75,-60.0,26.033471679687523,25.185662841796898,1015.4055786132812,88.2768702507019
1993-07,15.75,-60.0,25.958734130859398,25.143975830078148,1015.9776611328125,25.199913382530212
1993-08,15.75,-60.0,26.257836914062523,25.779473876953148,1016.8189086914062,27.531495094299316
1993-09,15.75,-60.0,26.475335693359398,25.857995605468773,1016.0648193359375,39.06585931777954
1993-10,15.75,-60.0,26.577569580078148,25.489373779296898,1015.97802734375,24.673808813095093
1993-11,15.75,-60.0,26.347192382812523,24.817864990234398,1016.1765747070312,43.99205446243286
1993-12,15.75,-60.0,25.363916015625023,23.705438232421898,1016.5418701171875,56.67435050010681
1994-01,15.75,-60.0,24.540826416015648,23.585717773437523,1016.5118408203125,43.85106325149536
1994-02,15.75,-60.0,24.102044677734398,22.992730712890648,1017.0535888671875,28.07011127471924
1994-03,15.75,-60.0,23.875512695312523,23.027703857421898,1017.2512817382812,36.9028115272522
1994-04,15.75,-60.0,24.512353515625023,23.450402832031273,1016.3089599609375,50.04774570465088
1994-05,15.75,-60.0,25.308435058593773,24.427972412109398,1015.9622192382812,39.47659134864807
1994-06,15.75,-60.0,25.967523193359398,25.309869384765648,1016.8292236328125,49.69856142997742
1994-07,15.75,-60.0,26.214440917968773,25.473443603515648,1016.9652709960938,54.53804612159729
1994-08,15.75,-60.0,26.394403076171898,25.614587402343773,1016.1146240234375,47.410383224487305
1994-09,15.75,-60.0,26.506585693359398,25.958734130859398,1016.1507568359375,37.22142577171326
1994-10,15.75,-60.0,26.417840576171898,25.342431640625023,1016.0865478515625,107.88027048110962
1994-11,15.75,-60.0,25.877587890625023,24.410394287109398,1016.2672729492188,41.563600301742554
1994-12,15.75,-60.0,24.882379150390648,23.744256591796898,1017.1959838867188,32.88512349128723
1995-01,15.75,-60.0,23.921289062500023,22.756463623046898,1017.3970947265625,45.281310081481934
1995-02,15.75,-60.0,23.887078857421898,22.530480957031273,1015.8311157226562,20.548038482666016
1995-03,15.75,-60.0,24.010217285156273,22.707421875000023,1016.017333984375,31.667075157165527
1995-04,15.75,-60.0,24.050073242187523,22.870996093750023,1017.1152954101562,29.710997343063354
1995-05,15.75,-60.0,24.556573486328148,23.406732177734398,1016.63720703125,39.87889766693115
1995-06,15.75,-60.0,24.917779541015648,24.154595947265648,1017.3641357421875,26.56119704246521
1995-07,15.75,-60.0,25.541955566406273,24.692132568359398,1017.0977783203125,13.236185610294342
1995-08,15.75,-60.0,26.064508056640648,25.341760253906273,1015.0215454101562,34.922558069229126
1995-09,15.75,-60.0,26.465447998046898,25.901910400390648,1015.1678466796875,57.24579691886902
1995-10,15.75,-60.0,26.316308593750023,25.269219970703148,1014.9490356445312,75.76588869094849
1995-11,15.75,-60.0,25.913171386718773,24.932885742187523,1015.0320434570312,46.46846652030945
1995-12,15.75,-60.0,25.340905761718773,23.938409423828148,1015.8416137695312,31.53325080871582
1996-01,15.75,-60.0,24.525506591796898,23.298760986328148,1016.8064575195312,43.69404673576355
1996-02,15.75,-60.0,23.904992675781273,22.496209716796898,1017.0576171875,33.89923453330994
1996-03,15.75,-60.0,23.582177734375023,22.355065917968773,1016.8924560546875,28.271595239639282
1996-04,15.75,-60.0,23.797479248046898,22.863488769531273,1016.598876953125,31.94008469581604
1996-05,15.75,-60.0,24.356042480468773,23.687738037109398,1016.5992431640625,35.748775005340576
1996-06,15.75,-60.0,25.124353027343773,24.497857666015648,1016.6355590820312,30.49642324447632
1996-07,15.75,-60.0,25.378503417968773,24.739923095703148,1016.8209228515625,52.12743043899536
1996-08,15.75,-60.0,26.010858154296898,25.416955566406273,1015.3763427734375,64.88207817077637
1996-09,15.75,-60.0,26.394494628906273,25.851342773437523,1015.7161254882812,25.57278335094452
1996-10,15.75,-60.0,26.511285400390648,25.493371582031273,1015.8333740234375,40.6449830532074
1996-11,15.75,-60.0,26.078759765625023,24.426751708984398,1015.121337890625,26.271920800209045
1996-12,15.75,-60.0,25.230401611328148,23.875665283203148,1016.6390380859375,38.310431241989136
1997-01,15.75,-60.0,24.452722167968773,23.022821044921898,1015.9000854492188,41.70312523841858
1997-02,15.75,-60.0,24.157922363281273,22.819207763671898,1016.0889892578125,25.788627862930298
1997-03,15.75,-60.0,24.473199462890648,23.522149658203148,1015.5739135742188,39.153313636779785
1997-04,15.75,-60.0,24.858605957031273,23.922631835937523,1016.431396484375,27.592872977256775
1997-05,15.75,-60.0,25.304071044921898,24.409997558593773,1016.225830078125,17.155834436416626
1997-06,15.75,-60.0,25.831384277343773,25.323693847656273,1016.4512329101562,30.68068027496338
1997-07,15.75,-60.0,26.119409179687523,25.398553466796898,1017.4276733398438,37.722322940826416
1997-08,15.75,-60.0,26.736444091796898,26.153771972656273,1015.98046875,30.461808443069458
1997-09,15.75,-60.0,26.922662353515648,26.298455810546898,1015.5322265625,74.89091634750366
1997-10,15.75,-60.0,26.946160888671898,25.696862792968773,1015.4498291015625,30.977107286453247
1997-11,15.75,-60.0,26.256921386718773,24.680230712890648,1015.7425537109375,35.67142367362976
1997-12,15.75,-60.0,25.399926757812523,24.189447021484398,1015.2891235351562,44.284536838531494
1998-01,15.75,-60.0,24.916101074218773,23.385156250000023,1015.1461791992188,18.2731032371521
1998-02,15.75,-60.0,24.343865966796898,22.937127685546898,1015.0440063476562,22.906238436698914
1998-03,15.75,-60.0,24.216516113281273,23.100976562500023,1016.0779418945312,34.49773550033569
1998-04,15.75,-60.0,24.749627685546898,24.000939941406273,1014.9782104492188,36.024802923202515
1998-05,15.75,-60.0,25.454095458984398,24.874047851562523,1016.1224365234375,46.652326583862305
1998-06,15.75,-60.0,25.929803466796898,25.278405761718773,1017.4147338867188,24.15704369544983
1998-07,15.75,-60.0,26.599389648437523,25.714807128906273,1016.624755859375,17.564837336540222
1998-08,15.75,-60.0,26.872186279296898,26.322229003906273,1015.86181640625,50.373709201812744
1998-09,15.75,-60.0,26.946832275390648,26.377984619140648,1015.6210327148438,64.03422832489014
1998-10,15.75,-60.0,26.947015380859398,26.016534423828148,1015.667236328125,99.95071649551392
1998-11,15.75,-60.0,26.408349609375023,25.327722167968773,1016.0817260742188,56.35249972343445
1998-12,15.75,-60.0,25.307336425781273,24.070275878906273,1016.7322998046875,40.294378995895386
1999-01,15.75,-60.0,24.683221435546898,23.253564453125023,1016.11767578125,35.714675188064575
1999-02,15.75,-60.0,24.372491455078148,23.072106933593773,1017.4492797851562,37.8760027885437
1999-03,15.75,-60.0,24.176904296875023,23.086328125000023,1015.917724609375,37.64133095741272
1999-04,15.75,-60.0,24.533990478515648,23.596459960937523,1016.0611572265625,30.211690664291382
1999-05,15.75,-60.0,24.981652832031273,24.065240478515648,1016.770263671875,28.448392152786255
1999-06,15.75,-60.0,25.324884033203148,24.262506103515648,1017.630859375,19.38770592212677
1999-07,15.75,-60.0,25.535150146484398,24.917321777343773,1016.4087524414062,24.763065576553345
1999-08,15.75,-60.0,25.967645263671898,25.385095214843773,1015.6011962890625,34.918034076690674
1999-09,15.75,-60.0,26.540765380859398,25.845544433593773,1015.3067626953125,37.921282052993774
1999-10,15.75,-60.0,26.490045166015648,25.628869628906273,1015.6585693359375,36.17522478103638
1999-11,15.75,-60.0,26.414758300781273,25.047875976562523,1015.2805786132812,32.62841820716858
1999-12,15.75,-60.0,25.411706542968773,24.134057617187523,1016.4461059570312,50.85599184036255
2000-01,15.75,-60.0,24.551354980468773,23.296472167968773,1017.0110473632812,45.87332367897034
2000-02,15.75,-60.0,23.905847167968773,22.807794189453148,1017.5752563476562,34.500160217285156
2000-03,15.75,-60.0,23.944696044921898,23.221948242187523,1016.1306762695312,28.194252848625183
2000-04,15.75,-60.0,24.483850097656273,23.559075927734398,1015.187255859375,49.19964909553528
2000-05,15.75,-60.0,25.215295410156273,24.405572509765648,1015.63623046875,37.478402853012085
2000-06,15.75,-60.0,25.655328369140648,25.002404785156273,1016.1607055664062,36.43170118331909
2000-07,15.75,-60.0,25.972802734375023,25.126092529296898,1015.71337890625,11.155413687229156
2000-08,15.75,-60.0,26.261560058593773,25.613702392578148,1015.4036865234375,39.70399618148804
2000-09,15.75,-60.0,26.684350585937523,25.913842773437523,1015.5745239257812,81.17182731628418
2000-10,15.75,-60.0,26.755303955078148,25.560784912109398,1015.3251342773438,28.101850748062134
2000-11,15.75,-60.0,26.512933349609398,25.036431884765648,1014.9974365234375,34.24974203109741
2000-12,15.75,-60.0,25.562310791015648,24.361749267578148,1016.4808349609375,30.595908164978027
2001-01,15.75,-60.0,24.654046630859398,23.324090576171898,1016.6466674804688,38.993786573410034
2001-02,15.75,-60.0,23.981011962890648,22.582421875000023,1015.9862060546875,37.58119225502014
2001-03,15.75,-60.0,23.918450927734398,22.744378662109398,1015.6085815429688,19.847304224967957
2001-04,15.75,-60.0,24.211907958984398,22.991021728515648,1015.9208984375,14.87165093421936
2001-05,15.75,-60.0,24.734613037109398,24.000573730468773,1016.6622314453125,25.96693754196167
2001-06,15.75,-60.0,25.602807617187523,25.009667968750023,1016.1397705078125,40.44235110282898
2001-07,15.75,-60.0,26.274194335937523,25.537133789062523,1015.8956298828125,44.45734262466431
2001-08,15.75,-60.0,27.098565673828148,26.490472412109398,1015.8409423828125,43.08751702308655
2001-09,15.75,-60.0,27.398034667968773,26.519799804687523,1015.1355590820312,97.28918552398682
2001-10,15.75,-60.0,27.112237548828148,26.163659667968773,1015.6634521484375,32.42877960205078
2001-11,15.75,-60.0,26.854577636718773,25.099908447265648,1014.2662353515625,51.22032880783081
2001-12,15.75,-60.0,26.163964843750023,24.341058349609398,1015.312255859375,35.131691694259644
2002-01,15.75,-60.0,25.255120849609398,23.767022705078148,1016.6863403320312,45.13128161430359
2002-02,15.75,-60.0,24.631066894531273,23.316125488281273,1016.1870727539062,23.14207434654236
2002-03,15.75,-60.0,24.461328125000023,22.911950683593773,1016.7608642578125,33.49445700645447
2002-04,15.75,-60.0,24.746667480468773,23.765527343750023,1014.7744140625,26.536227464675903
2002-05,15.75,-60.0,25.567834472656273,25.073205566406273,1014.8385009765625,21.259453296661377
2002-06,15.75,-60.0,26.162286376953148,25.555932617187523,1015.785888671875,54.70288038253784
2002-07,15.75,-60.0,26.749383544921898,26.081140136718773,1015.9674682617188,25.312780737876892
2002-08,15.75,-60.0,27.099725341796898,26.449578857421898,1015.0764770507812,40.143059492111206
2002-09,15.75,-60.0,27.310632324218773,26.748040771484398,1015.4712524414062,59.208641052246094
2002-10,15.75,-60.0,26.816674804687523,26.156793212890648,1014.8193969726562,153.9693546295166
2002-11,15.75,-60.0,26.019128417968773,25.017572021484398,1015.9794311523438,47.91424870491028
2002-12,15.75,-60.0,25.413507080078148,24.342095947265648,1016.7410888671875,26.6147643327713
2003-01,15.75,-60.0,24.754907226562523,23.674279785156273,1016.7847900390625,54.56988573074341
2003-02,15.75,-60.0,24.295953369140648,23.036218261718773,1016.9194946289062,34.42903161048889
2003-03,15.75,-60.0,24.293695068359398,23.098626708984398,1016.8797607421875,32.715768814086914
2003-04,15.75,-60.0,24.548028564453148,23.529168701171898,1016.017822265625,21.166352033615112
2003-05,15.75,-60.0,25.137414550781273,24.429254150390648,1016.2225952148438,25.520827174186707
2003-06,15.75,-60.0,25.984704589843773,25.263452148437523,1017.2320556640625,27.6580148935318
2003-07,15.75,-60.0,26.430413818359398,25.677728271484398,1016.046630859375,22.009811997413635
2003-08,15.75,-60.0,26.908654785156273,26.272943115234398,1015.4835205078125,45.77975034713745
2003-09,15.75,-60.0,26.984368896484398,26.268731689453148,1015.1250610351562,35.24911880493164
2003-10,15.75,-60.0,26.921777343750023,25.853936767578148,1015.9234008789062,74.77803468704224
2003-11,15.75,-60.0,26.688806152343773,25.533624267578148,1015.8876953125,18.240482211112976
2003-12,15.75,-60.0,25.712182617187523,24.540002441406273,1016.9633178710938,22.811379432678223
2004-01,15.75,-60.0,25.051965332031273,23.898309326171898,1017.1494750976562,52.76708722114563
2004-02,15.75,-60.0,24.682977294921898,23.105371093750023,1016.1646728515625,28.74628722667694
2004-03,15.75,-60.0,24.893579101562523,24.092004394531273,1015.1027221679688,44.19374942779541
2004-04,15.75,-60.0,25.006616210937523,23.803033447265648,1016.707275390625,35.736597776412964
2004-05,15.75,-60.0,25.387139892578148,24.467279052734398,1016.82421875,32.18881130218506
2004-06,15.75,-60.0,25.820581054687523,25.271508789062523,1016.2801513671875,22.6416277885437
2004-07,15.75,-60.0,26.005670166015648,25.443353271484398,1016.5609741210938,23.17720055580139
2004-08,15.75,-60.0,26.713220214843773,26.014916992187523,1015.5015869140625,54.03168082237244
2004-09,15.75,-60.0,26.871636962890648,26.097589111328148,1015.0187377929688,75.77633857727051
2004-10,15.75,-60.0,26.271508789062523,25.482080078125023,1015.3576049804688,66.35409593582153
2004-11,15.75,-60.0,26.046533203125023,24.802423095703148,1015.9569702148438,48.530205488204956
2004-12,15.75,-60.0,25.111169433593773,24.080834960937523,1016.9234008789062,27.714861631393433
2005-01,15.75,-60.0,24.612634277343773,23.395654296875023,1016.820556640625,57.71300554275513
2005-02,15.75,-60.0,23.996911621093773,22.653161621093773,1016.63916015625,27.28762686252594
2005-03,15.75,-60.0,23.923791503906273,22.585656738281273,1017.1095581054688,33.83244752883911
2005-04,15.75,-60.0,24.039941406250023,22.886682128906273,1015.0833129882812,24.45093870162964
2005-05,15.75,-60.0,25.070550537109398,24.493737792968773,1015.9061889648438,23.40791344642639
2005-06,15.75,-60.0,25.487756347656273,25.081018066406273,1016.7418212890625,33.43932867050171
2005-07,15.75,-60.0,26.297235107421898,25.507440185546898,1016.6039428710938,33.870391845703125
2005-08,15.75,-60.0,27.021997070312523,26.314324951171898,1014.952880859375,31.130751371383667
2005-09,15.75,-60.0,27.145654296875023,26.399377441406273,1014.9732055664062,57.52597689628601
2005-10,15.75,-60.0,27.127374267578148,26.095330810546898,1014.6426391601562,106.42816543579102
2005-11,15.75,-60.0,26.383447265625023,24.806665039062523,1014.6297607421875,40.67396879196167
2005-12,15.75,-60.0,25.655633544921898,24.277978515625023,1016.5173950195312,34.603081941604614
2006-01,15.75,-60.0,24.867974853515648,23.397882080078148,1015.90576171875,36.91074013710022
2006-02,15.75,-60.0,24.851770019531273,23.343103027343773,1016.2872314453125,46.023738384246826
2006-03,15.75,-60.0,24.107843017578148,22.796624755859398,1017.468017578125,32.07999229431152
2006-04,15.75,-60.0,24.558801269531273,23.588769531250023,1015.2514038085938,31.343668699264526
2006-05,15.75,-60.0,25.425653076171898,24.477990722656273,1016.17236328125,28.028950095176697
2006-06,15.75,-60.0,25.903070068359398,25.231652832031273,1016.116455078125,14.711278080940247
2006-07,15.75,-60.0,26.153985595703148,25.350152587890648,1016.6787719726562,30.29228925704956
2006-08,15.75,-60.0,26.438287353515648,25.846795654296898,1015.5466918945312,47.67125844955444
2006-09,15.75,-60.0,26.726129150390648,26.001062011718773,1016.0164794921875,47.9693877696991
2006-10,15.75,-60.0,26.867669677734398,25.774102783203148,1014.7454833984375,26.616527438163757
2006-11,15.75,-60.0,26.761895751953148,25.095239257812523,1014.031494140625,79.29934501647949
2006-12,15.75,-60.0,25.464257812500023,24.185632324218773,1017.22216796875,47.14457631111145
2007-01,15.75,-60.0,24.520806884765648,23.437799072265648,1016.860595703125,32.77369737625122
2007-02,15.75,-60.0,24.084466552734398,22.661035156250023,1015.5311889648438,32.203999757766724
2007-03,15.75,-60.0,24.382745361328148,23.432000732421898,1013.6166381835938,22.478379607200623
2007-04,15.75,-60.0,25.184716796875023,24.242730712890648,1015.638671875,35.18652319908142
2007-05,15.75,-60.0,25.681909179687523,24.820123291015648,1015.7830810546875,24.680094122886658
2007-06,15.75,-60.0,26.121820068359398,25.445367431640648,1016.4923706054688,65.8790373802185
2007-07,15.75,-60.0,26.256921386718773,25.369287109375023,1016.7733764648438,38.219640254974365
2007-08,15.75,-60.0,26.717858886718773,26.059960937500023,1015.5307006835938,38.801915645599365
2007-09,15.75,-60.0,27.064965820312523,26.263604736328148,1014.9931640625,47.56212115287781
2007-10,15.75,-60.0,27.220910644531273,25.943170166015648,1015.3368530273438,34.36637878417969
2007-11,15.75,-60.0,26.866479492187523,25.315972900390648,1015.8029174804688,55.01881241798401
2007-12,15.75,-60.0,25.583398437500023,24.293481445312523,1016.9685668945312,31.041905879974365
2008-01,15.75,-60.0,24.798577880859398,23.672906494140648,1017.4563598632812,36.6232967376709
2008-02,15.75,-60.0,24.296014404296898,23.087945556640648,1017.41845703125,39.94519829750061
2008-03,15.75,-60.0,24.387994384765648,23.568231201171898,1015.2149047851562,40.102107524871826
2008-04,15.75,-60.0,25.124810791015648,23.820092773437523,1015.8798217773438,26.152573227882385
2008-05,15.75,-60.0,25.647546386718773,24.720971679687523,1016.2371215820312,30.550707578659058
2008-06,15.75,-60.0,26.155908203125023,25.281457519531273,1016.3231811523438,39.17701005935669
2008-07,15.75,-60.0,26.472222900390648,25.745599365234398,1015.907470703125,38.614593744277954
2008-08,15.75,-60.0,26.895715332031273,26.131707763671898,1015.8531494140625,55.18739104270935
2008-09,15.75,-60.0,27.223474121093773,26.412316894531273,1015.2219848632812,32.26133108139038
2008-10,15.75,-60.0,27.187860107421898,26.027459716796898,1014.7680053710938,21.308006644248962
2008-11,15.75,-60.0,26.341302490234398,24.855310058593773,1016.1771240234375,47.22774624824524
2008-12,15.75,-60.0,25.334436035156273,23.795739746093773,1016.048828125,44.98267650604248
2009-01,15.75,-60.0,24.413140869140648,23.045251464843773,1015.9107055664062,34.99627232551575
2009-02,15.75,-60.0,23.915979003906273,22.529351806640648,1017.0691528320312,28.925119042396545
2009-03,15.75,-60.0,24.310479736328148,23.113061523437523,1015.2469482421875,24.711501002311707
2009-04,15.75,-60.0,24.760797119140648,23.781732177734398,1016.30859375,26.988531947135925
2009-05,15.75,-60.0,25.363854980468773,24.562066650390648,1016.728271484375,26.388241052627563
2009-06,15.75,-60.0,25.668756103515648,24.891046142578148,1016.275146484375,28.501378297805786
2009-07,15.75,-60.0,25.929437255859398,25.162805175781273,1016.825927734375,24.91933286190033
2009-08,15.75,-60.0,26.506616210937523,25.842828369140648,1015.6089477539062,44.12214159965515
2009-09,15.75,-60.0,26.876489257812523,26.088616943359398,1015.7387084960938,48.28031301498413
2009-10,15.75,-60.0,26.820123291015648,25.618463134765648,1015.3507080078125,68.17590236663818
2009-11,15.75,-60.0,26.464105224609398,24.833947753906273,1015.1155395507812,13.064667284488678
2009-12,15.75,-60.0,25.375573730468773,24.179559326171898,1015.9964599609375,33.56848955154419
2010-01,15.75,-60.0,24.541650390625023,23.441278076171898,1016.737548828125,32.545573711395264
2010-02,15.75,-60.0,24.238366699218773,22.883691406250023,1017.12255859375,39.45434331893921
2010-03,15.75,-60.0,23.957055664062523,22.522241210937523,1017.4636840820312,42.00738787651062
2010-04,15.75,-60.0,24.100671386718773,23.084527587890648,1015.9348754882812,38.472676277160645
2010-05,15.75,-60.0,24.698846435546898,24.010339355468773,1016.2383422851562,20.17280638217926
2010-06,15.75,-60.0,25.214013671875023,24.546777343750023,1016.7489624023438,23.530020117759705
2010-07,15.75,-60.0,25.677941894531273,25.212182617187523,1015.8980102539062,28.083311319351196
2010-08,15.75,-60.0,26.681604003906273,26.001611328125023,1015.3783569335938,33.228839635849
2010-09,15.75,-60.0,26.900231933593773,26.167749023437523,1015.4179077148438,64.0751051902771
2010-10,15.75,-60.0,26.755303955078148,25.932336425781273,1015.6812744140625,52.83320903778076
2010-11,15.75,-60.0,26.407495117187523,24.995233154296898,1015.4367065429688,68.09516429901123
2010-12,15.75,-60.0,25.230706787109398,23.792596435546898,1017.0672607421875,58.091336488723755
2011-01,15.75,-60.0,24.376885986328148,23.262567138671898,1016.8526611328125,39.92630481719971
2011-02,15.75,-60.0,24.082086181640648,22.844293212890648,1016.2626953125,48.06335091590881
2011-03,15.75,-60.0,24.070611572265648,22.873864746093773,1015.8417358398438,51.10150337219238
2011-04,15.75,-60.0,24.624078369140648,23.524774169921898,1016.5631103515625,34.860169887542725
2011-05,15.75,-60.0,24.903894042968773,24.055505371093773,1017.3496704101562,29.54908847808838
2011-06,15.75,-60.0,25.098138427734398,24.314538574218773,1017.821044921875,60.07917881011963
2011-07,15.75,-60.0,25.784295654296898,24.971826171875023,1016.7077026367188,23.871493935585022
2011-08,15.75,-60.0,26.627038574218773,25.856042480468773,1015.578369140625,31.264922618865967
2011-09,15.75,-60.0,26.829400634765648,26.184991455078148,1015.5994262695312,48.83132457733154
2011-10,15.75,-60.0,26.653405761718773,25.536584472656273,1015.9375,104.22085046768188
2011-11,15.75,-60.0,26.334283447265648,25.049218750000023,1015.8621826171875,18.206865191459656
2011-12,15.75,-60.0,25.560632324218773,24.062799072265648,1015.5905151367188,51.455347537994385
2012-01,15.75,-60.0,24.759973144531273,23.528070068359398,1016.374267578125,41.47166848182678
2012-02,15.75,-60.0,24.191827392578148,22.912988281250023,1015.9262084960938,21.137791872024536
2012-03,15.75,-60.0,24.515039062500023,23.582849121093773,1014.8656616210938,40.59017300605774
2012-04,15.75,-60.0,25.159295654296898,24.349633789062523,1015.4854125976562,40.000362396240234
2012-05,15.75,-60.0,26.069085693359398,25.234796142578148,1016.0586547851562,32.48157262802124
2012-06,15.75,-60.0,26.425195312500023,25.643273925781273,1016.8128051757812,27.01301872730255
2012-07,15.75,-60.0,26.412744140625023,25.633935546875023,1016.890380859375,40.38251996040344
2012-08,15.75,-60.0,26.812860107421898,26.044519042968773,1016.040283203125,35.32113075256348
2012-09,15.75,-60.0,26.902734375000023,26.343835449218773,1015.4194946289062,45.047868490219116
2012-10,15.75,-60.0,26.914270019531273,25.880975341796898,1015.7943115234375,59.00826930999756
2012-11,15.75,-60.0,26.488244628906273,25.243707275390648,1016.5858764648438,28.184258937835693
2012-12,15.75,-60.0,25.584375000000023,24.302087402343773,1016.7257690429688,43.87866139411926
2013-01,15.75,-60.0,24.620843505859398,23.270318603515648,1016.2581787109375,26.612607836723328
2013-02,15.75,-60.0,24.075555419921898,23.224420166015648,1016.2392578125,24.49401319026947
2013-03,15.75,-60.0,24.222314453125023,23.185968017578148,1014.7855834960938,13.488295376300812
2013-04,15.75,-60.0,24.934686279296898,24.357171630859398,1014.700439453125,36.91043972969055
2013-05,15.75,-60.0,26.367883300781273,25.402673339843773,1015.359130859375,14.95757281780243
2013-06,15.75,-60.0,26.544152832031273,25.657128906250023,1016.1448364257812,33.393906354904175
2013-07,15.75,-60.0,26.324853515625023,25.605310058593773,1016.7694091796875,18.07474136352539
2013-08,15.75,-60.0,26.878686523437523,26.252374267578148,1015.8594970703125,28.554741740226746
2013-09,15.75,-60.0,27.378167724609398,26.862084960937523,1014.5224609375,64.40823554992676
2013-10,15.75,-60.0,27.258416748046898,26.122766113281273,1014.8594970703125,27.725442051887512
2013-11,15.75,-60.0,26.744683837890648,25.637506103515648,1014.7252807617188,106.93772077560425
2013-12,15.75,-60.0,25.805902099609398,24.483544921875023,1017.12939453125,30.183016061782837
2014-01,15.75,-60.0,24.700524902343773,23.610009765625023,1017.0147705078125,59.79346990585327
2014-02,15.75,-60.0,24.418817138671898,23.622064208984398,1017.0745849609375,35.583146810531616
2014-03,15.75,-60.0,24.370812988281273,22.995568847656273,1016.5887451171875,36.051950454711914
2014-04,15.75,-60.0,25.003625488281273,23.989343261718773,1015.3287353515625,30.854405164718628
2014-05,15.75,-60.0,25.513391113281273,24.487084960937523,1016.3601684570312,33.58152151107788
2014-06,15.75,-60.0,25.658959960937523,24.826989746093773,1016.7992553710938,35.79013109207153
2014-07,15.75,-60.0,25.775354003906273,25.172143554687523,1016.6445922851562,29.332115650177002
2014-08,15.75,-60.0,26.332025146484398,25.601251220703148,1015.6484375,31.309744119644165
2014-09,15.75,-60.0,26.847253417968773,26.263116455078148,1014.6814575195312,78.9750623703003
2014-10,15.75,-60.0,26.596276855468773,25.471887207031273,1015.2546997070312,29.986263513565063
2014-11,15.75,-60.0,26.345330810546898,25.051782226562523,1016.3947143554688,21.714842319488525
2014-12,15.75,-60.0,25.494256591796898,24.171624755859398,1015.9563598632812,43.90307307243347
